ID,Predicted_0,Predicted_1,Actual,Overall_Prediction,Correct
Aciculoconidium_aculeatum,1,0,0,0,TRUE
Alloascoidea_africana,1,0,0,0,TRUE
Alloascoidea_hylecoeti_JCM_7604,1,0,0,0,TRUE
Alloascoidea_hylecoeti_NRRL_Y-17703,1,0,0,0,TRUE
Allodekkera_sacchari,0,1,0,1,FALSE
Ambrosiozyma_ambrosiae,0,1,0,1,FALSE
Ambrosiozyma_angophorae,1,0,0,0,TRUE
Ambrosiozyma_cicatricosa,0,1,0,1,FALSE
Ambrosiozyma_kamigamensis,1,0,0,0,TRUE
Ambrosiozyma_kashinagicola,1,0,0,0,TRUE
Ambrosiozyma_llanquihuensis,1,0,0,0,TRUE
Ambrosiozyma_maleeae,1,0,1,0,FALSE
Ambrosiozyma_monospora,0,1,0,1,FALSE
Ambrosiozyma_neoplatypodis,1,0,1,0,FALSE
Ambrosiozyma_oregonensis,1,0,1,0,FALSE
Ambrosiozyma_philentoma,1,0,1,0,FALSE
Ambrosiozyma_platypodis,1,0,1,0,FALSE
Ambrosiozyma_pseudovanderkliftii,1,0,0,0,TRUE
Ambrosiozyma_vanderkliftii,1,0,1,0,FALSE
Ascobotryozyma_americana,1,0,0,0,TRUE
Ascobotryozyma_cognata,1,0,0,0,TRUE
Ascoidea_asiatica,1,0,0,0,TRUE
Ascoidea_rubescens,1,0,0,0,TRUE
Ascoidea_tarda,1,0,0,0,TRUE
Ashbya_aceri,1,0,0,0,TRUE
Babjeviella_inositovora,0,1,1,1,TRUE
Barnettozyma_californica,0,1,1,1,TRUE
Barnettozyma_hawaiiensis,1,0,1,0,FALSE
Barnettozyma_populi,0,1,1,1,TRUE
Barnettozyma_pratensis,1,0,1,0,FALSE
Barnettozyma_salicaria,0,1,1,1,TRUE
Barnettozyma_siamensis,1,0,0,0,TRUE
Barnettozyma_sp._yHDO593,1,0,0,0,TRUE
Barnettozyma_sucrosica,1,0,1,0,FALSE
Barnettozyma_vustinii,0,1,1,1,TRUE
Barnettozyma_wickerhamii,0,1,1,1,TRUE
Blastobotrys_adeninivorans_LS3,0,1,0,1,FALSE
Blastobotrys_adeninivorans_NRRL_Y-17692,0,1,1,1,TRUE
Blastobotrys_americanus,1,0,1,0,FALSE
Blastobotrys_arbuscula,1,0,0,0,TRUE
Blastobotrys_attinorum,1,0,1,0,FALSE
Blastobotrys_buckinghamii,1,0,0,0,TRUE
Blastobotrys_capitulatus,1,0,0,0,TRUE
Blastobotrys_chiropterorum,1,0,0,0,TRUE
Blastobotrys_elegans,1,0,0,0,TRUE
Blastobotrys_illinoisensis,0,1,0,1,FALSE
Blastobotrys_indianensis,1,0,1,0,FALSE
Blastobotrys_malaysiensis,1,0,1,0,FALSE
Blastobotrys_mokoenaii,0,1,0,1,FALSE
Blastobotrys_muscicola,1,0,0,0,TRUE
Blastobotrys_niveus,1,0,0,0,TRUE
Blastobotrys_parvus,0,1,0,1,FALSE
Blastobotrys_peoriensis,1,0,1,0,FALSE
Blastobotrys_persicus,0,1,0,1,FALSE
Blastobotrys_proliferans,0,1,0,1,FALSE
Blastobotrys_raffinosifermentans,1,0,1,0,FALSE
Blastobotrys_robertii,1,0,0,0,TRUE
Blastobotrys_serpentis,1,0,0,0,TRUE
Blastobotrys_terrestris,0,1,0,1,FALSE
Botryozyma_mucatilis,1,0,0,0,TRUE
Botryozyma_nematodophila,1,0,0,0,TRUE
Brettanomyces_anomalus_NRRL_Y-17522,1,0,0,0,TRUE
Brettanomyces_anomalus_YV396,1,0,0,0,TRUE
Brettanomyces_bruxellensis,1,0,0,0,TRUE
Brettanomyces_custersianus,1,0,0,0,TRUE
Brettanomyces_naardenensis,1,0,1,0,FALSE
Brettanomyces_nanus,1,0,0,0,TRUE
Candida_aaseri,0,1,1,1,TRUE
Candida_adriatica,1,0,1,0,FALSE
Candida_aechmeae,0,1,1,1,TRUE
Candida_alai,1,0,1,0,FALSE
Candida_albicans_NRRL_Y-12983,1,0,1,0,FALSE
Candida_albicans_SC5314,1,0,0,0,TRUE
Candida_andamanensis,0,1,1,1,TRUE
Candida_anglica,1,0,0,0,TRUE
Candida_anutae,1,0,0,0,TRUE
Candida_arabinofermentans,0,1,1,1,TRUE
Candida_argentea,1,0,0,0,TRUE
Candida_ascalaphidarum,0,1,0,1,FALSE
Candida_asparagi,1,0,1,0,FALSE
Candida_atlantica,0,1,1,1,TRUE
Candida_atmosphaerica,0,1,1,1,TRUE
Candida_auris_CBS_10913,1,0,0,0,TRUE
Candida_auris_Ci_6684,1,0,0,0,TRUE
Candida_aurita,1,0,0,0,TRUE
Candida_awuae,1,0,0,0,TRUE
Candida_bambusicola,1,0,1,0,FALSE
Candida_baotianmanensis,1,0,1,0,FALSE
Candida_bentonensis,1,0,1,0,FALSE
Candida_berkhoutiae,0,1,0,1,FALSE
Candida_berthetii,1,0,0,0,TRUE
Candida_blackwelliae,0,1,1,1,TRUE
Candida_blankii,0,1,1,1,TRUE
Candida_blattae,0,1,1,1,TRUE
Candida_blattariae,0,1,1,1,TRUE
Candida_bohioensis,1,0,1,0,FALSE
Candida_boidinii,1,0,1,0,FALSE
Candida_boleticola,1,0,0,0,TRUE
Candida_broadrunensis,1,0,1,0,FALSE
Candida_buenavistaensis,0,1,0,1,FALSE
Candida_buinensis,0,1,1,1,TRUE
Candida_cabralensis,1,0,0,0,TRUE
Candida_californica,1,0,0,0,TRUE
Candida_carvajalis,0,1,0,1,FALSE
Candida_caryicola,1,0,0,0,TRUE
Candida_cerambycidarum,0,1,1,1,TRUE
Candida_chanthaburiensis,1,0,0,0,TRUE
Candida_chauliodis,0,1,1,1,TRUE
Candida_chilensis,0,1,0,1,FALSE
Candida_citri,1,0,0,0,TRUE
Candida_coleopterorum,1,0,0,0,TRUE
Candida_conglobata,0,1,1,1,TRUE
Candida_coquimbonensis,1,0,0,0,TRUE
Candida_corydali,0,1,0,1,FALSE
Candida_dajiaensis,1,0,1,0,FALSE
Candida_danieliae,1,0,1,0,FALSE
Candida_dendrica,1,0,0,0,TRUE
Candida_dendronema,0,1,0,1,FALSE
Candida_diddensiae,0,1,0,1,FALSE
Candida_digboiensis,1,0,0,0,TRUE
Candida_diospyri,0,1,1,1,TRUE
Candida_dosseyi,0,1,1,1,TRUE
Candida_dubliniensis_CD36,1,0,0,0,TRUE
Candida_dubliniensis_NRRL_Y-17841,1,0,0,0,TRUE
Candida_duobushaemuli,1,0,0,0,TRUE
Candida_easanensis,0,1,1,1,TRUE
Candida_ecuadorensis,0,1,1,1,TRUE
Candida_endomychidarum,0,1,0,1,FALSE
Candida_entomophila,0,1,1,1,TRUE
Candida_ethanolica,1,0,0,0,TRUE
Candida_ezoensis,0,1,0,1,FALSE
Candida_ficus,1,0,0,0,TRUE
Candida_flosculorum,1,0,1,0,FALSE
Candida_fluviatilis,0,1,1,1,TRUE
Candida_freyschussii,0,1,1,1,TRUE
Candida_friedrichii,0,1,1,1,TRUE
Candida_frijolesensis,0,1,1,1,TRUE
Candida_galis,1,0,0,0,TRUE
Candida_germanica,1,0,1,0,FALSE
Candida_gigantensis,1,0,1,0,FALSE
Candida_glaebosa,0,1,1,1,TRUE
Candida_glucosophila,1,0,0,0,TRUE
Candida_golubevii,1,0,0,0,TRUE
Candida_gorgasii,0,1,1,1,TRUE
Candida_haemuli,1,0,0,0,TRUE
Candida_hainanensis,0,1,0,1,FALSE
Candida_heveicola,1,0,0,0,TRUE
Candida_hispaniensis,1,0,0,0,TRUE
Candida_hungchunana,0,1,1,1,TRUE
Candida_incommunis,0,1,1,1,TRUE
Candida_inconspicua,1,0,0,0,TRUE
Candida_insectalens,0,1,0,1,FALSE
Candida_insectorum,0,1,1,1,TRUE
Candida_intermedia,0,1,1,1,TRUE
Candida_inulinophila,1,0,0,0,TRUE
Candida_ipomoeae,0,1,0,1,FALSE
Candida_jaroonii,0,1,1,1,TRUE
Candida_jianshihensis,1,0,0,0,TRUE
Candida_jiufengensis,1,0,0,0,TRUE
Candida_kanchanaburiensis,0,1,0,1,FALSE
Candida_kazuoi,1,0,0,0,TRUE
Candida_khao-thaluensis,0,1,0,1,FALSE
Candida_konsanensis,1,0,0,0,TRUE
Candida_koratica,1,0,0,0,TRUE
Candida_krabiensis,1,0,0,0,TRUE
Candida_kutaoensis,1,0,0,0,TRUE
Candida_labiduridarum,0,1,1,1,TRUE
Candida_lessepsii,0,1,1,1,TRUE
Candida_loeiensis,1,0,0,0,TRUE
Candida_lundiana,1,0,1,0,FALSE
Candida_lyxosophila,0,1,1,1,TRUE
Candida_maesae,0,1,0,1,FALSE
Candida_maltosa,0,1,1,1,TRUE
Candida_manassasensis,0,1,0,1,FALSE
Candida_margitis,0,1,1,1,TRUE
Candida_maris,1,0,0,0,TRUE
Candida_mattraensis,1,0,0,0,TRUE
Candida_melibiosica,0,1,0,1,FALSE
Candida_membranifaciens,0,1,0,1,FALSE
Candida_mesenterica,1,0,0,0,TRUE
Candida_metapsilosis,1,0,1,0,FALSE
Candida_methanosorbosa,0,1,1,1,TRUE
Candida_michaelii,0,1,1,1,TRUE
Candida_middelhoveniana,0,1,0,1,FALSE
Candida_mogii,1,0,0,0,TRUE
Candida_montana,1,0,0,0,TRUE
Candida_morakotiae,1,0,1,0,FALSE
Candida_multigemmis,1,0,0,0,TRUE
Candida_namnaoensis,1,0,0,0,TRUE
Candida_nanaspora,0,1,1,1,TRUE
Candida_neerlandica,0,1,1,1,TRUE
Candida_nemodendra,1,0,1,0,FALSE
Candida_nitratophila,0,1,1,1,TRUE
Candida_nongkhaiensis,1,0,1,0,FALSE
Candida_nonsorbophila,0,1,1,1,TRUE
Candida_norvegica,0,1,0,1,FALSE
Candida_oceani,0,1,1,1,TRUE
Candida_odintsovae,0,1,1,1,TRUE
Candida_orba,1,0,0,0,TRUE
Candida_oregonensis,0,1,1,1,TRUE
Candida_orthopsilosis_90-125,1,0,0,0,TRUE
Candida_orthopsilosis_NRRL_Y-48468,0,1,1,1,TRUE
Candida_ortonii,0,1,0,1,FALSE
Candida_ovalis,0,1,1,1,TRUE
Candida_oxycetoniae,1,0,0,0,TRUE
Candida_palmioleophila,1,0,1,0,FALSE
Candida_palmyrensis,1,0,0,0,TRUE
Candida_parablackwelliae,1,0,0,0,TRUE
Candida_parachauliodis,0,1,0,1,FALSE
Candida_parapsilosis_CDC_317,1,0,0,0,TRUE
Candida_parapsilosis_NRRL_Y-12969,1,0,1,0,FALSE
Candida_patagonica,0,1,0,1,FALSE
Candida_peoriensis,1,0,1,0,FALSE
Candida_phayaonensis,1,0,0,0,TRUE
Candida_phyllophila,0,1,0,1,FALSE
Candida_piceae,0,1,1,1,TRUE
Candida_picinguabensis,0,1,1,1,TRUE
Candida_pignaliae,0,1,0,1,FALSE
Candida_pini,1,0,0,0,TRUE
Candida_ponderosae,1,0,0,0,TRUE
Candida_pseudoaaseri,0,1,1,1,TRUE
Candida_pseudocylindracea,1,0,0,0,TRUE
Candida_pseudofarinosa,1,0,0,0,TRUE
Candida_pseudoflosculorum,0,1,0,1,FALSE
Candida_pseudoglaebosa,0,1,1,1,TRUE
Candida_pseudohaemuli,1,0,0,0,TRUE
Candida_pseudointermedia,0,1,0,1,FALSE
Candida_pseudojiufengensis,0,1,0,1,FALSE
Candida_pseudolambica,1,0,1,0,FALSE
Candida_pseudoviswanathii,0,1,1,1,TRUE
Candida_psychrophila,0,1,0,1,FALSE
Candida_qinlingensis,1,0,1,0,FALSE
Candida_quercuum,0,1,1,1,TRUE
Candida_railenensis,1,0,0,0,TRUE
Candida_rhizophorensis,1,0,0,0,TRUE
Candida_rishiriensis,1,0,0,0,TRUE
Candida_robnettiae,0,1,0,1,FALSE
Candida_ruelliae,1,0,0,0,TRUE
Candida_rugopelliculosa,1,0,0,0,TRUE
Candida_saitoana,1,0,1,0,FALSE
Candida_sakaeoensis,1,0,0,0,TRUE
Candida_sake,1,0,1,0,FALSE
Candida_santamariae,1,0,0,0,TRUE
Candida_sanyaensis,0,1,1,1,TRUE
Candida_sanyiensis,1,0,1,0,FALSE
Candida_saopauloensis,0,1,1,1,TRUE
Candida_savonica,1,0,0,0,TRUE
Candida_schatavii,1,0,0,0,TRUE
Candida_sequanensis,0,1,1,1,TRUE
Candida_sharkensis,0,1,0,1,FALSE
Candida_silvanorum,0,1,1,1,TRUE
Candida_silvatica,1,0,0,0,TRUE
Candida_silvicultrix,1,0,0,0,TRUE
Candida_sithepensis,1,0,1,0,FALSE
Candida_smagusa,1,0,0,0,TRUE
Candida_sojae_GF41,1,0,0,0,TRUE
Candida_sojae_NRRL_Y-17909,1,0,1,0,FALSE
Candida_solani,1,0,0,0,TRUE
Candida_songkhlaensis,1,0,1,0,FALSE
Candida_sonorensis,1,0,1,0,FALSE
Candida_sophiae-reginae,1,0,0,0,TRUE
Candida_sorboxylosa,1,0,0,0,TRUE
Candida_sp._NRRL_Y-12764,0,1,0,1,FALSE
Candida_sp._NRRL_Y-27127,1,0,1,0,FALSE
Candida_sp._NRRL_YB-4088,0,1,0,1,FALSE
Candida_sp._yHDO569,1,0,0,0,TRUE
Candida_sp._yHKB357,1,0,0,0,TRUE
Candida_spandovensis,1,0,0,0,TRUE
Candida_spencermartinsiae,0,1,1,1,TRUE
Candida_sphagnicola,1,0,0,0,TRUE
Candida_stauntonica,0,1,1,1,TRUE
Candida_subhashii,0,1,1,1,TRUE
Candida_succicola,0,1,1,1,TRUE
Candida_succiphila,1,0,1,0,FALSE
Candida_suratensis,0,1,1,1,TRUE
Candida_suthepensis,1,0,0,0,TRUE
Candida_suzukii,0,1,1,1,TRUE
Candida_takata,0,1,0,1,FALSE
Candida_tallmaniae,0,1,1,1,TRUE
Candida_tammaniensis,0,1,1,1,TRUE
Candida_tanticharoeniae,1,0,0,0,TRUE
Candida_taoyuanica,0,1,1,1,TRUE
Candida_taylorii,0,1,1,1,TRUE
Candida_tetrigidarum,0,1,0,1,FALSE
Candida_thailandica,0,1,1,1,TRUE
Candida_thaimueangensis,1,0,0,0,TRUE
Candida_theae,1,0,0,0,TRUE
Candida_tibetensis,1,0,0,0,TRUE
Candida_tolerans,1,0,0,0,TRUE
Candida_touchengensis,0,1,1,1,TRUE
Candida_tropicalis_MYA-3404,0,1,0,1,FALSE
Candida_tropicalis_NRRL_Y-12968,1,0,1,0,FALSE
Candida_trypodendri,1,0,0,0,TRUE
Candida_tsuchiyae,0,1,0,1,FALSE
Candida_tunisiensis,1,0,0,0,TRUE
Candida_ubatubensis,0,1,1,1,TRUE
Candida_ulmi,1,0,1,0,FALSE
Candida_vartiovaarae,0,1,0,1,FALSE
Candida_vaughaniae,0,1,1,1,TRUE
Candida_verbasci,0,1,0,1,FALSE
Candida_viswanathii,0,1,1,1,TRUE
Candida_vitiphila,0,1,0,1,FALSE
Candida_vulturna,1,0,0,0,TRUE
Candida_wancherniae,1,0,0,0,TRUE
Candida_xiaguanensis,1,0,0,0,TRUE
Candida_xylanilytica,0,1,1,1,TRUE
Candida_xyloterini,1,0,0,0,TRUE
Candida_yuanshanica,0,1,1,1,TRUE
Candida_zeylanoides,1,0,0,0,TRUE
Cephaloascus_albidus,1,0,1,0,FALSE
Cephaloascus_fragrans,0,1,0,1,FALSE
Citeromyces_hawaiiensis,1,0,0,0,TRUE
Citeromyces_matritensis,1,0,0,0,TRUE
Citeromyces_nyonsensis,1,0,0,0,TRUE
Clavispora_fructus_NRRL_Y-17072,1,0,0,0,TRUE
Clavispora_fructus_NRRL_Y-17088,1,0,0,0,TRUE
Clavispora_lusitaniae_ATCC_42720,0,1,0,1,FALSE
Clavispora_lusitaniae_NRRL_Y-11827,1,0,1,0,FALSE
Clavispora_opuntiae,1,0,1,0,FALSE
Clavispora_reshetovae,1,0,1,0,FALSE
Crinitomyces_ghanaensis,0,1,0,1,FALSE
Cyberlindnera_americana,0,1,1,1,TRUE
Cyberlindnera_amylophila,0,1,1,1,TRUE
Cyberlindnera_bimundalis,0,1,1,1,TRUE
Cyberlindnera_euphorbiae,0,1,1,1,TRUE
Cyberlindnera_euphorbiiphila,0,1,1,1,TRUE
Cyberlindnera_fabianii,0,1,1,1,TRUE
Cyberlindnera_galapagoensis,0,1,0,1,FALSE
Cyberlindnera_jadinii,1,0,1,0,FALSE
Cyberlindnera_japonica,0,1,1,1,TRUE
Cyberlindnera_lachancei,0,1,1,1,TRUE
Cyberlindnera_maclurae,1,0,0,0,TRUE
Cyberlindnera_maritima,0,1,1,1,TRUE
Cyberlindnera_meyerae,0,1,1,1,TRUE
Cyberlindnera_mississippiensis,0,1,1,1,TRUE
Cyberlindnera_misumaiensis,0,1,1,1,TRUE
Cyberlindnera_mrakii,1,0,1,0,FALSE
Cyberlindnera_mycetangii,0,1,1,1,TRUE
Cyberlindnera_nakhonratchasimensis,0,1,1,1,TRUE
Cyberlindnera_petersonii,0,1,1,1,TRUE
Cyberlindnera_rhodanensis,0,1,1,1,TRUE
Cyberlindnera_samutprakarnensis,0,1,0,1,FALSE
Cyberlindnera_sargentensis,1,0,1,0,FALSE
Cyberlindnera_saturnus,0,1,0,1,FALSE
Cyberlindnera_sp._NRRL_Y-27103,0,1,1,1,TRUE
Cyberlindnera_sp._NRRL_Y-27267,0,1,1,1,TRUE
Cyberlindnera_sp._NRRL_Y-7615,0,1,1,1,TRUE
Cyberlindnera_suaveolens,1,0,1,0,FALSE
Cyberlindnera_subsufficiens,0,1,1,1,TRUE
Cyberlindnera_veronae,0,1,1,1,TRUE
Cyberlindnera_xishuangbannaensis,0,1,0,1,FALSE
Cyberlindnera_xylosilytica,0,1,1,1,TRUE
Danielozyma_ontarioensis,0,1,0,1,FALSE
Deakozyma_indianensis,1,0,1,0,FALSE
Debaryomyces_coudertii,1,0,0,0,TRUE
Debaryomyces_fabryi,0,1,1,1,TRUE
Debaryomyces_hansenii,0,1,1,1,TRUE
Debaryomyces_marama,0,1,1,1,TRUE
Debaryomyces_nepalensis,0,1,1,1,TRUE
Debaryomyces_prosopidis,1,0,1,0,FALSE
Debaryomyces_robertsiae,0,1,0,1,FALSE
Debaryomyces_singareniensis,1,0,0,0,TRUE
Debaryomyces_subglobosus,0,1,1,1,TRUE
Debaryomyces_udenii,1,0,1,0,FALSE
Diddensiella_caesifluorescens,0,1,1,1,TRUE
Diddensiella_santjacobensis,0,1,1,1,TRUE
Diddensiella_transvaalensis,1,0,0,0,TRUE
Dipodascopsis_anomala,0,1,0,1,FALSE
Dipodascopsis_tothii,1,0,0,0,TRUE
Dipodascopsis_uninucleata_var._uninucleata,1,0,0,0,TRUE
Dipodascopsis_uninucleata_var._wickerhamii,1,0,0,0,TRUE
Dipodascus_aggregatus,0,1,0,1,FALSE
Dipodascus_albidus,1,0,1,0,FALSE
Dipodascus_armillariae,1,0,1,0,FALSE
Dipodascus_australiensis,1,0,1,0,FALSE
Dipodascus_carabidarus,0,1,0,1,FALSE
Dipodascus_cucujoidarus,1,0,0,0,TRUE
Dipodascus_fermentans,1,0,0,0,TRUE
Dipodascus_geniculatus,1,0,0,0,TRUE
Dipodascus_ghanensis,1,0,1,0,FALSE
Dipodascus_histeridarus,1,0,1,0,FALSE
Dipodascus_klebahnii,0,1,1,1,TRUE
Dipodascus_macrosporus,1,0,0,0,TRUE
Dipodascus_restrictus,1,0,1,0,FALSE
Dipodascus_siamensis,0,1,1,1,TRUE
Diutina_catenulata,1,0,0,0,TRUE
Diutina_mesorugosa,0,1,1,1,TRUE
Diutina_neorugosa,0,1,0,1,FALSE
Diutina_pseudorugosa,1,0,1,0,FALSE
Diutina_ranongensis,1,0,0,0,TRUE
Diutina_rugosa,0,1,1,1,TRUE
Diutina_scorzettiae,1,0,1,0,FALSE
Diutina_siamensis,1,0,0,0,TRUE
Eremothecium_coryli,1,0,0,0,TRUE
Eremothecium_cymbalariae,1,0,0,0,TRUE
Eremothecium_gossypii,1,0,0,0,TRUE
Eremothecium_sinecaudum,1,0,0,0,TRUE
Galactomyces_geotrichum,0,1,1,1,TRUE
Galactomyces_reessii,0,1,1,1,TRUE
Geotrichum_candidum_CBS_178.71,0,1,0,1,FALSE
Geotrichum_candidum_CLIB_918,0,1,0,1,FALSE
Geotrichum_citri-aurantii,0,1,1,1,TRUE
Geotrichum_europaeum,0,1,1,1,TRUE
Geotrichum_phurueaensis,0,1,1,1,TRUE
Grigorovia_humatica,1,0,0,0,TRUE
Grigorovia_jiainica,1,0,0,0,TRUE
Grigorovia_transvaalensis,1,0,0,0,TRUE
Grigorovia_yakushimaensis,1,0,0,0,TRUE
Groenewaldozyma_auringiensis,0,1,1,1,TRUE
Groenewaldozyma_salmanticensis,1,0,0,0,TRUE
Groenewaldozyma_sp._yHMH443,1,0,0,0,TRUE
Groenewaldozyma_tartarivorans,0,1,1,1,TRUE
Hagleromyces_aurorensis,1,0,0,0,TRUE
Hanseniaspora_clermontiae,1,0,0,0,TRUE
Hanseniaspora_gamundiae,1,0,0,0,TRUE
Hanseniaspora_guilliermondii,1,0,0,0,TRUE
Hanseniaspora_hatyaiensis,1,0,0,0,TRUE
Hanseniaspora_jakobsenii,1,0,0,0,TRUE
Hanseniaspora_lachancei,1,0,0,0,TRUE
Hanseniaspora_lindneri,1,0,0,0,TRUE
Hanseniaspora_meyeri,1,0,0,0,TRUE
Hanseniaspora_mollemarum,1,0,0,0,TRUE
Hanseniaspora_nectarophila,1,0,0,0,TRUE
Hanseniaspora_occidentalis_var._citrica,1,0,0,0,TRUE
Hanseniaspora_occidentalis_var._occidentalis,1,0,0,0,TRUE
Hanseniaspora_opuntiae,1,0,0,0,TRUE
Hanseniaspora_osmophila,1,0,0,0,TRUE
Hanseniaspora_pseudoguilliermondii,1,0,0,0,TRUE
Hanseniaspora_singularis,1,0,0,0,TRUE
Hanseniaspora_smithiae,1,0,0,0,TRUE
Hanseniaspora_taiwanica,1,0,0,0,TRUE
Hanseniaspora_thailandica,1,0,0,0,TRUE
Hanseniaspora_uvarum_DSMZ_2768,1,0,0,0,TRUE
Hanseniaspora_uvarum_NRRL_Y-1614,1,0,0,0,TRUE
Hanseniaspora_valbyensis,1,0,0,0,TRUE
Hanseniaspora_vineae,1,0,0,0,TRUE
Hemisphaericaspora_insectamans,0,1,0,1,FALSE
Hemisphaericaspora_nanyangensis,0,1,1,1,TRUE
Hyphopichia_burtonii,0,1,0,1,FALSE
Hyphopichia_buzzinii,0,1,0,1,FALSE
Hyphopichia_fennica,1,0,1,0,FALSE
Hyphopichia_gotoi,0,1,1,1,TRUE
Hyphopichia_heimii,0,1,1,1,TRUE
Hyphopichia_homilentoma,1,0,1,0,FALSE
Hyphopichia_khmerensis,0,1,0,1,FALSE
Hyphopichia_pseudoburtonii,0,1,1,1,TRUE
Hyphopichia_pseudorhagii,0,1,1,1,TRUE
Hyphopichia_rhagii,0,1,1,1,TRUE
Hyphopichia_wangnamkhiaoensis,0,1,1,1,TRUE
Kazachstania_aerobia,1,0,0,0,TRUE
Kazachstania_africana,1,0,0,0,TRUE
Kazachstania_aquatica,1,0,0,0,TRUE
Kazachstania_barnettii,2,0,0,0,TRUE
Kazachstania_bovina,1,0,0,0,TRUE
Kazachstania_bromeliacearum,1,0,0,0,TRUE
Kazachstania_bulderi,1,0,0,0,TRUE
Kazachstania_exigua,1,0,0,0,TRUE
Kazachstania_gamospora,1,0,0,0,TRUE
Kazachstania_hellenica,1,0,0,0,TRUE
Kazachstania_heterogenica,1,0,0,0,TRUE
Kazachstania_humilis_NRRL_Y-17074,1,0,0,0,TRUE
Kazachstania_humilis_NRRL_Y-7245,1,0,0,0,TRUE
Kazachstania_ichnusensis,1,0,0,0,TRUE
Kazachstania_intestinalis,1,0,0,0,TRUE
Kazachstania_jinghongensis,1,0,0,0,TRUE
Kazachstania_kunashirensis,1,0,0,0,TRUE
Kazachstania_lodderae,1,0,0,0,TRUE
Kazachstania_martiniae,1,0,0,0,TRUE
Kazachstania_naganishii,1,0,0,0,TRUE
Kazachstania_piceae,1,0,0,0,TRUE
Kazachstania_pintolopesii,1,0,0,0,TRUE
Kazachstania_pseudohumilis,1,0,0,0,TRUE
Kazachstania_psychrophila,1,0,0,0,TRUE
Kazachstania_rosinii,1,0,0,0,TRUE
Kazachstania_saulgeensis,1,0,0,0,TRUE
Kazachstania_servazzii,1,0,0,0,TRUE
Kazachstania_siamensis,1,0,0,0,TRUE
Kazachstania_sinensis,1,0,0,0,TRUE
Kazachstania_slooffiae,1,0,0,0,TRUE
Kazachstania_solicola,1,0,0,0,TRUE
Kazachstania_sp._UFMG-CM-Y273,1,0,0,0,TRUE
Kazachstania_spencerorum,1,0,0,0,TRUE
Kazachstania_taianensis,1,0,0,0,TRUE
Kazachstania_telluris,1,0,0,0,TRUE
Kazachstania_turicensis,1,0,0,0,TRUE
Kazachstania_unispora,1,0,0,0,TRUE
Kazachstania_viticola,1,0,0,0,TRUE
Kazachstania_yasuniensis,1,0,0,0,TRUE
Kluyveromyces_aestuarii_ATCC_18862,1,0,0,0,TRUE
Kluyveromyces_aestuarii_NRRL_YB-4510,1,0,0,0,TRUE
Kluyveromyces_dobzhanskii,1,0,0,0,TRUE
Kluyveromyces_lactis_CBS_2359,1,0,0,0,TRUE
Kluyveromyces_lactis_var._drosophilarum_NRRL_Y-8278,1,0,1,0,FALSE
Kluyveromyces_lactis_var._lactis_NRRL_Y-8279,1,0,0,0,TRUE
Kluyveromyces_marxianus_DMB1,1,0,0,0,TRUE
Kluyveromyces_marxianus_NRRL_Y-8281,1,0,0,0,TRUE
Kluyveromyces_nonfermentans,1,0,0,0,TRUE
Kluyveromyces_siamensis,1,0,0,0,TRUE
Kluyveromyces_sp._yHMH660,1,0,0,0,TRUE
Kluyveromyces_starmeri,1,0,0,0,TRUE
Kluyveromyces_wickerhamii,1,0,1,0,FALSE
Kockiozyma_suomiensis,1,0,1,0,FALSE
Kodamaea_alishanica,1,0,0,0,TRUE
Kodamaea_anthophila,1,0,1,0,FALSE
Kodamaea_arcana,1,0,0,0,TRUE
Kodamaea_derodonti,1,0,0,0,TRUE
Kodamaea_fukazawae,0,1,0,1,FALSE
Kodamaea_fungicola,1,0,0,0,TRUE
Kodamaea_hsintzibuensis,1,0,1,0,FALSE
Kodamaea_jinghongensis,1,0,0,0,TRUE
Kodamaea_kakaduensis,1,0,0,0,TRUE
Kodamaea_kaohsiungensis,1,0,0,0,TRUE
Kodamaea_laetipori,1,0,1,0,FALSE
Kodamaea_leandrae,1,0,1,0,FALSE
Kodamaea_lidongshanica,1,0,0,0,TRUE
Kodamaea_neixiangensis,1,0,0,0,TRUE
Kodamaea_nitidulidarum,1,0,0,0,TRUE
Kodamaea_ohmeri,1,0,0,0,TRUE
Kodamaea_plutei,1,0,0,0,TRUE
Kodamaea_restingae,1,0,1,0,FALSE
Kodamaea_sagamina,1,0,0,0,TRUE
Kodamaea_sp._yHQL449,1,0,0,0,TRUE
Kodamaea_sp._yHQL451,1,0,0,0,TRUE
Kodamaea_suecica,1,0,0,0,TRUE
Komagataella_kurtzmanii,1,0,0,0,TRUE
Komagataella_mondaviorum,1,0,0,0,TRUE
Komagataella_pastoris_ATCC_28485,1,0,0,0,TRUE
Komagataella_pastoris_NRRL_Y-1603,1,0,1,0,FALSE
Komagataella_phaffii_GS115,1,0,0,0,TRUE
Komagataella_phaffii_NRRL_Y-7556,1,0,0,0,TRUE
Komagataella_populi,1,0,0,0,TRUE
Komagataella_pseudopastoris,1,0,0,0,TRUE
Komagataella_ulmi,1,0,0,0,TRUE
Kregervanrija_delftensis,1,0,0,0,TRUE
Kregervanrija_fluxuum,1,0,0,0,TRUE
Kregervanrija_pseudodelftensis,1,0,0,0,TRUE
Kuraishia_borneana,0,1,1,1,TRUE
Kuraishia_capsulata,0,1,1,1,TRUE
Kuraishia_cidri,1,0,1,0,FALSE
Kuraishia_floccosa,1,0,0,0,TRUE
Kuraishia_hungarica,0,1,1,1,TRUE
Kuraishia_molischiana,1,0,1,0,FALSE
Kuraishia_ogatae,0,1,1,1,TRUE
Kuraishia_piskuri,0,1,1,1,TRUE
Kurtzmaniella_cleridarum,1,0,1,0,FALSE
Kurtzmaniella_fragi,0,1,0,1,FALSE
Kurtzmaniella_natalensis,1,0,0,0,TRUE
Kurtzmaniella_oleophila,1,0,0,0,TRUE
Kurtzmaniella_quercitrusa,1,0,0,0,TRUE
Lachancea_cidri_NRRL_Y-12634,1,0,0,0,TRUE
Lachancea_cidri_NRRL_Y-12635,1,0,0,0,TRUE
Lachancea_dasiensis,1,0,0,0,TRUE
Lachancea_fantastica_nom._nud.,1,0,0,0,TRUE
Lachancea_fermentati,1,0,0,0,TRUE
Lachancea_kluyveri,1,0,0,0,TRUE
Lachancea_lanzarotensis,1,0,0,0,TRUE
Lachancea_meyersii,1,0,0,0,TRUE
Lachancea_mirantina,1,0,0,0,TRUE
Lachancea_nothofagi,1,0,0,0,TRUE
Lachancea_quebecensis,1,0,0,0,TRUE
Lachancea_sp._yHQL494,1,0,0,0,TRUE
Lachancea_thermotolerans,1,0,0,0,TRUE
Lachancea_waltii,1,0,0,0,TRUE
Limtongia_smithiae,1,0,0,0,TRUE
Limtongozyma_cylindracea,1,0,0,0,TRUE
Lipomyces_arxii,0,1,1,1,TRUE
Lipomyces_chichibuensis,1,0,0,0,TRUE
Lipomyces_japonicus,1,0,1,0,FALSE
Lipomyces_kockii,1,0,0,0,TRUE
Lipomyces_kononenkoae,0,1,1,1,TRUE
Lipomyces_lipofer,1,0,0,0,TRUE
Lipomyces_mesembrius,1,0,0,0,TRUE
Lipomyces_oligophaga,1,0,0,0,TRUE
Lipomyces_orientalis,1,0,0,0,TRUE
Lipomyces_sp._NRRL_Y-11553,1,0,0,0,TRUE
Lipomyces_sp._NRRL_Y-27488,1,0,0,0,TRUE
Lipomyces_sp._NRRL_Y-7042,1,0,0,0,TRUE
Lipomyces_spencermartinsiae,1,0,0,0,TRUE
Lipomyces_starkeyi,1,0,1,0,FALSE
Lipomyces_tetrasporus,1,0,0,0,TRUE
Lipomyces_yamadae,1,0,1,0,FALSE
Lipomyces_yamanashiensis,0,1,0,1,FALSE
Lipomyces_yarrowii,1,0,0,0,TRUE
Lodderomyces_beijingensis,1,0,0,0,TRUE
Lodderomyces_elongisporus,0,1,0,1,FALSE
Magnusiomyces_capitatus,1,0,0,0,TRUE
Magnusiomyces_clavatus,1,0,0,0,TRUE
Magnusiomyces_ingens,1,0,0,0,TRUE
Magnusiomyces_magnusii,1,0,0,0,TRUE
Magnusiomyces_starmeri,1,0,0,0,TRUE
Magnusiomyces_tetraspermus,1,0,0,0,TRUE
Martiniozyma_abietophila,1,0,0,0,TRUE
Martiniozyma_asiatica,1,0,1,0,FALSE
Metschnikowia_aberdeeniae,0,1,1,1,TRUE
Metschnikowia_agaves,1,0,0,0,TRUE
Metschnikowia_andauensis,0,1,1,1,TRUE
Metschnikowia_anglica,1,0,1,0,FALSE
Metschnikowia_arizonensis,1,0,0,0,TRUE
Metschnikowia_australis,1,0,0,0,TRUE
Metschnikowia_baotianmanensis,0,1,1,1,TRUE
Metschnikowia_bicuspidata_var._bicuspidata,0,1,0,1,FALSE
Metschnikowia_bicuspidata_var._californica,1,0,1,0,FALSE
Metschnikowia_bicuspidata_var._chathamia,0,1,0,1,FALSE
Metschnikowia_borealis,1,0,0,0,TRUE
Metschnikowia_bowlesiae,0,1,0,1,FALSE
Metschnikowia_caudata,1,0,0,0,TRUE
Metschnikowia_cerradonensis,0,1,1,1,TRUE
Metschnikowia_chrysomelidarum,1,0,0,0,TRUE
Metschnikowia_chrysoperlae,1,0,0,0,TRUE
Metschnikowia_colocasiae,1,0,0,0,TRUE
Metschnikowia_continentalis,1,0,0,0,TRUE
Metschnikowia_corniflorae,1,0,0,0,TRUE
Metschnikowia_dekortorum,0,1,0,1,FALSE
Metschnikowia_drakensbergensis,1,0,0,0,TRUE
Metschnikowia_drosophilae,1,0,1,0,FALSE
Metschnikowia_fructicola,1,0,1,0,FALSE
Metschnikowia_gelsemii,1,0,0,0,TRUE
Metschnikowia_gruessii,1,0,0,0,TRUE
Metschnikowia_hamakuensis,1,0,1,0,FALSE
Metschnikowia_hawaiiana,1,0,1,0,FALSE
Metschnikowia_hawaiiensis_NRRL_Y-17272,1,0,1,0,FALSE
Metschnikowia_hawaiiensis_UWOPS_87-2203.2,1,0,0,0,TRUE
Metschnikowia_henanensis,1,0,0,0,TRUE
Metschnikowia_hibisci,0,1,1,1,TRUE
Metschnikowia_kamakouana,1,0,0,0,TRUE
Metschnikowia_kipukae,1,0,0,0,TRUE
Metschnikowia_kofuensis,1,0,0,0,TRUE
Metschnikowia_koreensis,1,0,0,0,TRUE
Metschnikowia_krissii,1,0,0,0,TRUE
Metschnikowia_kunwiensis,1,0,0,0,TRUE
Metschnikowia_lachancei,1,0,0,0,TRUE
Metschnikowia_laotica,0,1,0,1,FALSE
Metschnikowia_leonuri,1,0,1,0,FALSE
Metschnikowia_lochheadii,0,1,1,1,TRUE
Metschnikowia_lopburiensis,1,0,1,0,FALSE
Metschnikowia_lunata,1,0,0,0,TRUE
Metschnikowia_matae_var._maris_NRRL_Y-63737,0,1,1,1,TRUE
Metschnikowia_matae_var._matae_NRRL_Y-63736,1,0,1,0,FALSE
Metschnikowia_mauinuiana,1,0,0,0,TRUE
Metschnikowia_noctiluminum,1,0,0,0,TRUE
Metschnikowia_orientalis,1,0,1,0,FALSE
Metschnikowia_peoriensis,1,0,0,0,TRUE
Metschnikowia_picachoensis,1,0,0,0,TRUE
Metschnikowia_pimensis,1,0,0,0,TRUE
Metschnikowia_proteae,1,0,0,0,TRUE
Metschnikowia_pulcherrima,0,1,0,1,FALSE
Metschnikowia_reukaufii,1,0,0,0,TRUE
Metschnikowia_rubicola,0,1,1,1,TRUE
Metschnikowia_saccharicola,1,0,1,0,FALSE
Metschnikowia_santaceciliae,0,1,0,1,FALSE
Metschnikowia_shanxiensis,0,1,1,1,TRUE
Metschnikowia_shivogae,1,0,1,0,FALSE
Metschnikowia_similis_NRRL_Y-27627,1,0,1,0,FALSE
Metschnikowia_similis_UWOPS_03-133.4,0,1,0,1,FALSE
Metschnikowia_sinensis,0,1,1,1,TRUE
Metschnikowia_sp._yHJM9,1,0,0,0,TRUE
Metschnikowia_sp._yHKB443,1,0,0,0,TRUE
Metschnikowia_sp._yHQL527,0,1,0,1,FALSE
Metschnikowia_torresii,0,1,0,1,FALSE
Metschnikowia_vanudenii,1,0,0,0,TRUE
Metschnikowia_viticola,1,0,0,0,TRUE
Metschnikowia_ziziphicola,1,0,1,0,FALSE
Metschnikowia_zobellii,1,0,0,0,TRUE
Meyerozyma_athensensis,0,1,0,1,FALSE
Meyerozyma_caribbica,1,0,1,0,FALSE
Meyerozyma_carpophila,1,0,1,0,FALSE
Meyerozyma_elateridarum,1,0,1,0,FALSE
Meyerozyma_guilliermondii_NRRL_Y-2075,1,0,1,0,FALSE
Meyerozyma_guilliermondii_NRRL_Y-324,0,1,0,1,FALSE
Meyerozyma_smithsonii,1,0,1,0,FALSE
Middelhovenomyces_tepae,1,0,0,0,TRUE
Millerozyma_acaciae,1,0,1,0,FALSE
Millerozyma_farinosa,1,0,0,0,TRUE
Millerozyma_miso,1,0,0,0,TRUE
Myxozyma_geophila,0,1,0,1,FALSE
Myxozyma_kluyveri,0,1,1,1,TRUE
Myxozyma_lipomycoides,0,1,1,1,TRUE
Myxozyma_melibiosi,1,0,0,0,TRUE
Myxozyma_monticola,1,0,1,0,FALSE
Myxozyma_mucilagina,1,0,0,0,TRUE
Myxozyma_neglecta,1,0,0,0,TRUE
Myxozyma_neotropica,0,1,0,1,FALSE
Myxozyma_nipponensis,1,0,1,0,FALSE
Myxozyma_sirexii,1,0,1,0,FALSE
Myxozyma_udenii,1,0,1,0,FALSE
Myxozyma_vanderwaltii,1,0,1,0,FALSE
Nadsonia_commutata,1,0,0,0,TRUE
Nadsonia_fulvescens_var._elongata,1,0,0,0,TRUE
Nadsonia_fulvescens_var._fulvescens,1,0,0,0,TRUE
Nadsonia_starkeyi-henricii,1,0,0,0,TRUE
Nakaseomyces_bacillisporus,1,0,0,0,TRUE
Nakaseomyces_bracarensis,1,0,0,0,TRUE
Nakaseomyces_castellii,1,0,0,0,TRUE
Nakaseomyces_delphensis,1,0,0,0,TRUE
Nakaseomyces_glabratus,1,0,0,0,TRUE
Nakaseomyces_kungkrabaensis,1,0,0,0,TRUE
Nakaseomyces_nivariensis,1,0,0,0,TRUE
Nakaseomyces_sp._yHDO568,1,0,0,0,TRUE
Nakaseomyces_uthaithaninus,1,0,0,0,TRUE
Nakazawaea_anatomiae,1,0,0,0,TRUE
Nakazawaea_ernobii,1,0,0,0,TRUE
Nakazawaea_holstii,1,0,0,0,TRUE
Nakazawaea_ishiwadae,1,0,0,0,TRUE
Nakazawaea_laoshanensis,1,0,0,0,TRUE
Nakazawaea_molendinolei,0,1,0,1,FALSE
Nakazawaea_peltata,1,0,1,0,FALSE
Nakazawaea_pomicola,1,0,0,0,TRUE
Nakazawaea_populi,1,0,0,0,TRUE
Nakazawaea_siamensis,1,0,1,0,FALSE
Nakazawaea_sp._yHDR128,0,1,0,1,FALSE
Nakazawaea_sp._yHKS545,1,0,0,0,TRUE
Nakazawaea_wickerhamii,1,0,1,0,FALSE
Nakazawaea_wyomingensis,1,0,1,0,FALSE
Naumovozyma_baii,1,0,0,0,TRUE
Naumovozyma_castellii,1,0,0,0,TRUE
Naumovozyma_dairenensis,1,0,0,0,TRUE
Nematodospora_anomalae,1,0,0,0,TRUE
Nematodospora_valgi,0,1,0,1,FALSE
Ogataea_allantospora,1,0,0,0,TRUE
Ogataea_angusta,1,0,0,0,TRUE
Ogataea_chonburiensis,1,0,1,0,FALSE
Ogataea_corticis,1,0,0,0,TRUE
Ogataea_degrootiae,0,1,0,1,FALSE
Ogataea_dorogensis,1,0,1,0,FALSE
Ogataea_ganodermae,1,0,1,0,FALSE
Ogataea_glucozyma,1,0,0,0,TRUE
Ogataea_haglerorum,1,0,0,0,TRUE
Ogataea_henricii,1,0,0,0,TRUE
Ogataea_kodamae,1,0,0,0,TRUE
Ogataea_methanolica,0,1,1,1,TRUE
Ogataea_methylivora_NRRL_Y-17250,0,1,1,1,TRUE
Ogataea_methylovora_NRRL_Y-11996,0,1,1,1,TRUE
Ogataea_minuta,1,0,0,0,TRUE
Ogataea_naganishii,0,1,1,1,TRUE
Ogataea_nakhonphanomensis,1,0,1,0,FALSE
Ogataea_neopini,1,0,1,0,FALSE
Ogataea_nitratoaversa,1,0,1,0,FALSE
Ogataea_nonfermentans,1,0,0,0,TRUE
Ogataea_paradorogensis,0,1,0,1,FALSE
Ogataea_paraovalis,0,1,0,1,FALSE
Ogataea_parapolymorpha_DL-1,1,0,0,0,TRUE
Ogataea_parapolymorpha_NRRL_YB-1982,1,0,0,0,TRUE
Ogataea_philodendri,1,0,0,0,TRUE
Ogataea_pilisensis,0,1,0,1,FALSE
Ogataea_pini,1,0,0,0,TRUE
Ogataea_polymorpha_NCYC_495,1,0,0,0,TRUE
Ogataea_polymorpha_NRRL_Y-5445,1,0,0,0,TRUE
Ogataea_populi-albae,1,0,0,0,TRUE
Ogataea_ramenticola,0,1,1,1,TRUE
Ogataea_salicorniae,1,0,1,0,FALSE
Ogataea_saltuana,1,0,0,0,TRUE
Ogataea_siamensis,1,0,0,0,TRUE
Ogataea_sp._NRRL_Y-27166,0,1,1,1,TRUE
Ogataea_sp._NRRL_Y-27170,1,0,0,0,TRUE
Ogataea_sp._NRRL_YB-1238,0,1,1,1,TRUE
Ogataea_sp._NRRL_YB-2437,1,0,1,0,FALSE
Ogataea_sp._NRRL_YB-2442,1,0,0,0,TRUE
Ogataea_sp._yHMJ1,0,1,0,1,FALSE
Ogataea_thermomethanolica,1,0,0,0,TRUE
Ogataea_trehaloabstinens,1,0,1,0,FALSE
Ogataea_trehalophila,1,0,1,0,FALSE
Ogataea_wickerhamii,1,0,1,0,FALSE
Ogataea_zsoltii,1,0,1,0,FALSE
Pachysolen_tannophilus,0,1,1,1,TRUE
Peterozyma_toletana,1,0,0,0,TRUE
Peterozyma_xylosa,1,0,0,0,TRUE
Phaffomyces_antillensis,1,0,0,0,TRUE
Phaffomyces_opuntiae,1,0,0,0,TRUE
Phaffomyces_thermotolerans,1,0,0,0,TRUE
Pichia_cactophila,1,0,0,0,TRUE
Pichia_cephalocereana,1,0,0,0,TRUE
Pichia_deserticola,1,0,0,0,TRUE
Pichia_eremophila,1,0,0,0,TRUE
Pichia_exigua,1,0,0,0,TRUE
Pichia_fermentans,1,0,0,0,TRUE
Pichia_galeolata,1,0,0,0,TRUE
Pichia_gijzenarium,1,0,0,0,TRUE
Pichia_heedii,1,0,1,0,FALSE
Pichia_insulana,1,0,0,0,TRUE
Pichia_kluyveri,1,0,1,0,FALSE
Pichia_kudriavzevii_NRRL_Y-5396,1,0,0,0,TRUE
Pichia_kudriavzevii_SD108,1,0,0,0,TRUE
Pichia_mandshurica,1,0,0,0,TRUE
Pichia_membranifaciens,1,0,0,0,TRUE
Pichia_nakasei,1,0,0,0,TRUE
Pichia_nanzhaoensis,1,0,0,0,TRUE
Pichia_norvegensis,1,0,0,0,TRUE
Pichia_occidentalis,1,0,0,0,TRUE
Pichia_paraexigua,1,0,0,0,TRUE
Pichia_pseudocactophila,1,0,0,0,TRUE
Pichia_scutulata,1,0,0,0,TRUE
Pichia_sp._NRRL_Y-12824,1,0,0,0,TRUE
Pichia_sp._NRRL_Y-12827,1,0,0,0,TRUE
Pichia_sp._NRRL_Y-12830,1,0,0,0,TRUE
Pichia_sp._NRRL_Y-27259,1,0,0,0,TRUE
Pichia_sp._NRRL_Y-27261,1,0,0,0,TRUE
Pichia_sp._NRRL_YB-4149,1,0,0,0,TRUE
Pichia_sp._yHKS168,1,0,0,0,TRUE
Pichia_sporocuriosa,1,0,0,0,TRUE
Pichia_terricola,1,0,0,0,TRUE
Priceomyces_carsonii,1,0,1,0,FALSE
Priceomyces_castillae,1,0,1,0,FALSE
Priceomyces_fermenticarens,1,0,0,0,TRUE
Priceomyces_haplophilus,1,0,1,0,FALSE
Priceomyces_medius,1,0,1,0,FALSE
Priceomyces_melissophilus,1,0,0,0,TRUE
Saccharomyces_arboricola,1,0,0,0,TRUE
Saccharomyces_cerevisiae,1,0,0,0,TRUE
Saccharomyces_eubayanus,1,0,0,0,TRUE
Saccharomyces_jurei,1,0,0,0,TRUE
Saccharomyces_kudriavzevii,1,0,0,0,TRUE
Saccharomyces_mikatae,1,0,0,0,TRUE
Saccharomyces_paradoxus,1,0,0,0,TRUE
Saccharomyces_uvarum,1,0,0,0,TRUE
Saccharomycodes_ludwigii,1,0,0,0,TRUE
Saccharomycopsis_amapae,1,0,1,0,FALSE
Saccharomycopsis_babjevae,1,0,0,0,TRUE
Saccharomycopsis_capsularis,0,1,0,1,FALSE
Saccharomycopsis_crataegensis,1,0,0,0,TRUE
Saccharomycopsis_fermentans,1,0,0,0,TRUE
Saccharomycopsis_fibuligera,1,0,0,0,TRUE
Saccharomycopsis_fodiens,1,0,0,0,TRUE
Saccharomycopsis_guyanensis,1,0,0,0,TRUE
Saccharomycopsis_javanensis,1,0,0,0,TRUE
Saccharomycopsis_lassenensis,0,1,0,1,FALSE
Saccharomycopsis_malanga,1,0,0,0,TRUE
Saccharomycopsis_microspora,1,0,1,0,FALSE
Saccharomycopsis_olivae,1,0,0,0,TRUE
Saccharomycopsis_oosterbeekiorum,1,0,0,0,TRUE
Saccharomycopsis_schoenii,1,0,1,0,FALSE
Saccharomycopsis_selenospora,1,0,1,0,FALSE
Saccharomycopsis_sp._NRRL_Y-5750,1,0,0,0,TRUE
Saccharomycopsis_sp._yHQL182,1,0,0,0,TRUE
Saprochaete_fungicola,1,0,0,0,TRUE
Saprochaete_ingens,1,0,0,0,TRUE
Saprochaete_suaveolens,1,0,0,0,TRUE
Saturnispora_ahearnii,1,0,0,0,TRUE
Saturnispora_besseyi,1,0,1,0,FALSE
Saturnispora_bothae,1,0,0,0,TRUE
Saturnispora_dispora,1,0,0,0,TRUE
Saturnispora_diversa,1,0,1,0,FALSE
Saturnispora_galanensis,1,0,0,0,TRUE
Saturnispora_gosingensis,1,0,0,0,TRUE
Saturnispora_hagleri,1,0,0,0,TRUE
Saturnispora_halmiae,1,0,0,0,TRUE
Saturnispora_kantuleensis,1,0,0,0,TRUE
Saturnispora_mendoncae,1,0,0,0,TRUE
Saturnispora_quitensis,1,0,0,0,TRUE
Saturnispora_saitoi,1,0,0,0,TRUE
Saturnispora_sanitii,1,0,0,0,TRUE
Saturnispora_sekii,1,0,0,0,TRUE
Saturnispora_serradocipensis,1,0,0,0,TRUE
Saturnispora_silvae,1,0,0,0,TRUE
Saturnispora_zaruensis,1,0,0,0,TRUE
Scheffersomyces_coipomensis,0,1,1,1,TRUE
Scheffersomyces_cryptocercus,0,1,0,1,FALSE
Scheffersomyces_ergatensis,0,1,1,1,TRUE
Scheffersomyces_gosingicus,1,0,0,0,TRUE
Scheffersomyces_illinoinensis,1,0,1,0,FALSE
Scheffersomyces_insectosa,0,1,1,1,TRUE
Scheffersomyces_lignicola,1,0,1,0,FALSE
Scheffersomyces_lignosus,0,1,1,1,TRUE
Scheffersomyces_parashehatae,0,1,1,1,TRUE
Scheffersomyces_quercinus,0,1,1,1,TRUE
Scheffersomyces_segobiensis,0,1,1,1,TRUE
Scheffersomyces_shehatae,0,1,1,1,TRUE
Scheffersomyces_spartinae,1,0,0,0,TRUE
Scheffersomyces_stambukii,0,1,0,1,FALSE
Scheffersomyces_stipitis_NRRL_Y-11545,1,0,0,0,TRUE
Scheffersomyces_stipitis_NRRL_Y-7124,1,0,0,0,TRUE
Scheffersomyces_titanus,1,0,1,0,FALSE
Scheffersomyces_virginianus,0,1,1,1,TRUE
Scheffersomyces_xylosifermentans,0,1,1,1,TRUE
Schwanniomyces_capriottii,0,1,1,1,TRUE
Schwanniomyces_etchellsii,1,0,1,0,FALSE
Schwanniomyces_occidentalis_var._occidentalis,0,1,1,1,TRUE
Schwanniomyces_occidentalis_var._persoonii,0,1,0,1,FALSE
Schwanniomyces_polymorphus_var._africanus,1,0,1,0,FALSE
Schwanniomyces_polymorphus_var._polymorphus,0,1,0,1,FALSE
Schwanniomyces_pseudopolymorphus,1,0,1,0,FALSE
Schwanniomyces_sp._NRRL_Y-7430,0,1,0,1,FALSE
Schwanniomyces_sp._yHMH407,1,0,0,0,TRUE
Schwanniomyces_vanrijiae_var._vanrijiae,1,0,1,0,FALSE
Schwanniomyces_vanrijiae_var._yarrowii,0,1,0,1,FALSE
Schwanniomyces_yamadae,1,0,1,0,FALSE
Spathaspora_arborariae,1,0,0,0,TRUE
Spathaspora_boniae,1,0,0,0,TRUE
Spathaspora_girioi,1,0,0,0,TRUE
Spathaspora_gorwiae,0,1,0,1,FALSE
Spathaspora_hagerdaliae,0,1,0,1,FALSE
Spathaspora_jeffriesii,1,0,1,0,FALSE
Spathaspora_passalidarum,0,1,1,1,TRUE
Spathaspora_xylofermentans,1,0,0,0,TRUE
Spencermartinsiella_europaea,0,1,0,1,FALSE
Spencermartinsiella_ligniputridi,0,1,1,1,TRUE
Sporopachydermia_cereana,1,0,1,0,FALSE
Sporopachydermia_lactativora,1,0,0,0,TRUE
Sporopachydermia_quercuum,0,1,1,1,TRUE
Starmera_amethionina,1,0,0,0,TRUE
Starmera_caribaea,1,0,0,0,TRUE
Starmera_dryadoides,1,0,0,0,TRUE
Starmera_pachycereana,1,0,0,0,TRUE
Starmera_quercuum,1,0,0,0,TRUE
Starmera_sp._NRRL_Y-17713,1,0,0,0,TRUE
Starmera_stellimalicola,1,0,0,0,TRUE
Starmerella_apicola_NRRL_Y-2481,1,0,0,0,TRUE
Starmerella_apicola_NRRL_Y-50540,1,0,0,0,TRUE
Starmerella_apis,1,0,0,0,TRUE
Starmerella_asiatica,1,0,0,0,TRUE
Starmerella_bacillaris,1,0,0,0,TRUE
Starmerella_bombi,1,0,0,0,TRUE
Starmerella_bombicola,1,0,0,0,TRUE
Starmerella_cellae,1,0,0,0,TRUE
Starmerella_davenportii,1,0,0,0,TRUE
Starmerella_etchellsii,1,0,0,0,TRUE
Starmerella_floricola,1,0,0,0,TRUE
Starmerella_floris,1,0,0,0,TRUE
Starmerella_geochares,1,0,0,0,TRUE
Starmerella_gropengiesseri,1,0,0,0,TRUE
Starmerella_khaoyaiensis,1,0,0,0,TRUE
Starmerella_kuoi,1,0,0,0,TRUE
Starmerella_lactis-condensi,1,0,0,0,TRUE
Starmerella_magnoliae,1,0,0,0,TRUE
Starmerella_potacharoeniae,1,0,0,0,TRUE
Starmerella_powellii,1,0,0,0,TRUE
Starmerella_ratchasimensis,1,0,0,0,TRUE
Starmerella_riodocensis,1,0,0,0,TRUE
Starmerella_roubikii,1,0,0,0,TRUE
Starmerella_scarabaei,1,0,0,0,TRUE
Starmerella_sirachaensis,1,0,0,0,TRUE
Starmerella_sorbosivorans,1,0,0,0,TRUE
Starmerella_stellata,1,0,0,0,TRUE
Starmerella_stigmatis,1,0,0,0,TRUE
Starmerella_tilneyi,1,0,0,0,TRUE
Starmerella_vaccinii,1,0,0,0,TRUE
Starmerella_vitae,1,0,0,0,TRUE
Sugiyamaella_americana,0,1,1,1,TRUE
Sugiyamaella_boreocaroliniensis,0,1,1,1,TRUE
Sugiyamaella_castrensis,0,1,1,1,TRUE
Sugiyamaella_chiloensis,0,1,1,1,TRUE
Sugiyamaella_floridensis,0,1,1,1,TRUE
Sugiyamaella_grinbergsii,1,0,1,0,FALSE
Sugiyamaella_japonica,0,1,1,1,TRUE
Sugiyamaella_lignohabitans,0,1,1,1,TRUE
Sugiyamaella_marilandica,1,0,1,0,FALSE
Sugiyamaella_marionensis,0,1,1,1,TRUE
Sugiyamaella_mastotermitis,0,1,0,1,FALSE
Sugiyamaella_neomexicana,0,1,1,1,TRUE
Sugiyamaella_novakii,0,1,0,1,FALSE
Sugiyamaella_paludigena,0,1,1,1,TRUE
Sugiyamaella_pinicola,1,0,1,0,FALSE
Sugiyamaella_qingdaonensis,0,1,1,1,TRUE
Sugiyamaella_smithiae,0,1,1,1,TRUE
Sugiyamaella_sp._yHKS617,0,1,0,1,FALSE
Sugiyamaella_valdiviana,0,1,1,1,TRUE
Sugiyamaella_xylanicola,0,1,0,1,FALSE
Suhomyces_ambrosiae,1,0,1,0,FALSE
Suhomyces_anneliseae,1,0,1,0,FALSE
Suhomyces_atakaporum,0,1,1,1,TRUE
Suhomyces_bokatorum,1,0,1,0,FALSE
Suhomyces_bolitotheri,0,1,0,1,FALSE
Suhomyces_bribrorum,0,1,1,1,TRUE
Suhomyces_canberraensis,1,0,1,0,FALSE
Suhomyces_chickasaworum,0,1,0,1,FALSE
Suhomyces_choctaworum,1,0,0,0,TRUE
Suhomyces_coccinellae,0,1,0,1,FALSE
Suhomyces_emberorum,1,0,1,0,FALSE
Suhomyces_faveliae,1,0,0,0,TRUE
Suhomyces_guaymorum,0,1,1,1,TRUE
Suhomyces_kilbournensis,1,0,1,0,FALSE
Suhomyces_kunorum,0,1,0,1,FALSE
Suhomyces_maxii,0,1,0,1,FALSE
Suhomyces_panamericanus,1,0,1,0,FALSE
Suhomyces_prunicola,1,0,0,0,TRUE
Suhomyces_pyralidae,1,0,0,0,TRUE
Suhomyces_sp._yHKS641,1,0,0,0,TRUE
Suhomyces_sp._yHMH580,1,0,0,0,TRUE
Suhomyces_sp._yHQL142,0,1,0,1,FALSE
Suhomyces_taliae,1,0,0,0,TRUE
Suhomyces_tanzawaensis,0,1,0,1,FALSE
Suhomyces_terraborum,1,0,1,0,FALSE
Suhomyces_vadensis,1,0,1,0,FALSE
Suhomyces_wounanorum,1,0,1,0,FALSE
Suhomyces_xylopsoci,1,0,0,0,TRUE
Suhomyces_yuchorum,1,0,1,0,FALSE
Tetrapisispora_arboricola,1,0,0,0,TRUE
Tetrapisispora_blattae,1,0,0,0,TRUE
Tetrapisispora_fleetii,1,0,0,0,TRUE
Tetrapisispora_iriomotensis,1,0,0,0,TRUE
Tetrapisispora_namnaoensis,1,0,0,0,TRUE
Tetrapisispora_nanseiensis,1,0,0,0,TRUE
Tetrapisispora_phaffii,1,0,0,0,TRUE
Tetrapisispora_pingtungensis,1,0,0,0,TRUE
Tetrapisispora_taiwanensis,1,0,0,0,TRUE
Teunomyces_aglyptinius,1,0,0,0,TRUE
Teunomyces_atbi,1,0,0,0,TRUE
Teunomyces_barrocoloradensis,1,0,0,0,TRUE
Teunomyces_cretensis,1,0,1,0,FALSE
Teunomyces_funiuensis,0,1,0,1,FALSE
Teunomyces_gatunensis,1,0,0,0,TRUE
Teunomyces_kruisii,1,0,1,0,FALSE
Teunomyces_lycoperdinae,0,1,0,1,FALSE
Teunomyces_pallodes,1,0,1,0,FALSE
Teunomyces_panamensis,0,1,0,1,FALSE
Teunomyces_stri,1,0,0,0,TRUE
Teunomyces_tritomae,1,0,1,0,FALSE
Tortispora_agaves,1,0,0,0,TRUE
Tortispora_caseinolytica,1,0,1,0,FALSE
Tortispora_ganteri,1,0,0,0,TRUE
Tortispora_mauiana,1,0,1,0,FALSE
Tortispora_phaffii,1,0,0,0,TRUE
Tortispora_sangerardonensis,1,0,0,0,TRUE
Tortispora_starmeri,1,0,1,0,FALSE
Torulaspora_delbrueckii,1,0,0,0,TRUE
Torulaspora_franciscae,1,0,0,0,TRUE
Torulaspora_globosa,1,0,0,0,TRUE
Torulaspora_maleeae,1,0,0,0,TRUE
Torulaspora_microellipsoides,1,0,0,0,TRUE
Torulaspora_pretoriensis,1,0,0,0,TRUE
Torulaspora_sp._yHMJ407,1,0,0,0,TRUE
Trichomonascus_apis,0,1,0,1,FALSE
Trichomonascus_ciferrii,0,1,0,1,FALSE
Trichomonascus_petasosporus,1,0,1,0,FALSE
Trichomonascus_vanleenenianus,0,1,0,1,FALSE
Trigonopsis_californica,1,0,0,0,TRUE
Trigonopsis_cantarellii,1,0,0,0,TRUE
Trigonopsis_variabilis,1,0,0,0,TRUE
Trigonopsis_vinaria,1,0,0,0,TRUE
Vanderwaltozyma_polyspora,1,0,0,0,TRUE
Vanderwaltozyma_sp._yHKB289,1,0,0,0,TRUE
Vanderwaltozyma_tropicalis,1,0,0,0,TRUE
Vanderwaltozyma_verrucispora,1,0,0,0,TRUE
Vanderwaltozyma_yarrowii,1,0,0,0,TRUE
Wickerhamia_fluorescens,1,0,0,0,TRUE
Wickerhamiella_allomyrinae,1,0,0,0,TRUE
Wickerhamiella_alocasiicola,1,0,0,0,TRUE
Wickerhamiella_australiensis,1,0,0,0,TRUE
Wickerhamiella_azymoides,1,0,1,0,FALSE
Wickerhamiella_bombiphila,1,0,0,0,TRUE
Wickerhamiella_brachini,1,0,0,0,TRUE
Wickerhamiella_cacticola,1,0,0,0,TRUE
Wickerhamiella_domercqiae,1,0,0,0,TRUE
Wickerhamiella_galacta,1,0,0,0,TRUE
Wickerhamiella_hasegawae,1,0,0,0,TRUE
Wickerhamiella_infanticola_DS02,1,0,0,0,TRUE
Wickerhamiella_infanticola_NRRL_Y-17858,1,0,0,0,TRUE
Wickerhamiella_kurtzmanii,1,0,0,0,TRUE
Wickerhamiella_lipophila,1,0,0,0,TRUE
Wickerhamiella_musiphila,1,0,0,0,TRUE
Wickerhamiella_nectarea,1,0,0,0,TRUE
Wickerhamiella_occidentalis,1,0,0,0,TRUE
Wickerhamiella_pararugosa,1,0,0,0,TRUE
Wickerhamiella_parazyma,1,0,0,0,TRUE
Wickerhamiella_qilinensis,1,0,0,0,TRUE
Wickerhamiella_sergipiensis,1,0,0,0,TRUE
Wickerhamiella_shivajii,1,0,0,0,TRUE
Wickerhamiella_siamensis,1,0,0,0,TRUE
Wickerhamiella_slavikovae,1,0,0,0,TRUE
Wickerhamiella_sorbophila,1,0,0,0,TRUE
Wickerhamiella_vanderwaltii,1,0,1,0,FALSE
Wickerhamiella_versatilis_JCM_5958,1,0,0,0,TRUE
Wickerhamiella_versatilis_NRRL_Y-6652,1,0,0,0,TRUE
Wickerhamomyces_alni,0,1,1,1,TRUE
Wickerhamomyces_anomalus,1,0,0,0,TRUE
Wickerhamomyces_bisporus,0,1,0,1,FALSE
Wickerhamomyces_bovis,0,1,1,1,TRUE
Wickerhamomyces_canadensis,0,1,1,1,TRUE
Wickerhamomyces_chambardii,1,0,0,0,TRUE
Wickerhamomyces_chaumierensis,0,1,1,1,TRUE
Wickerhamomyces_ciferrii,1,0,0,0,TRUE
Wickerhamomyces_hampshirensis,1,0,1,0,FALSE
Wickerhamomyces_kurtzmanii,1,0,0,0,TRUE
Wickerhamomyces_lynferdii,1,0,0,0,TRUE
Wickerhamomyces_mucosus,0,1,1,1,TRUE
Wickerhamomyces_onychis,0,1,0,1,FALSE
Wickerhamomyces_pijperi,0,1,1,1,TRUE
Wickerhamomyces_queroliae,1,0,0,0,TRUE
Wickerhamomyces_rabaulensis,1,0,1,0,FALSE
Wickerhamomyces_silvicola,0,1,1,1,TRUE
Wickerhamomyces_sp._NRRL_Y-7574,1,0,1,0,FALSE
Wickerhamomyces_sp._NRRL_YB-2243,0,1,1,1,TRUE
Wickerhamomyces_sp._NRRL_YB-3031,0,1,1,1,TRUE
Wickerhamomyces_sp._UFMG-CM-Y6624,0,1,1,1,TRUE
Wickerhamomyces_sp._yHMH26,0,1,0,1,FALSE
Wickerhamomyces_sp._yHMH451,1,0,0,0,TRUE
Wickerhamomyces_sp._yHMH617,0,1,0,1,FALSE
Wickerhamomyces_sp._yHQL14,1,0,0,0,TRUE
Wickerhamomyces_strasburgensis,0,1,1,1,TRUE
Wickerhamomyces_subpelliculosus,1,0,0,0,TRUE
Wickerhamomyces_sydowiorum,1,0,0,0,TRUE
Wickerhamomyces_tratensis,1,0,0,0,TRUE
Wickerhamomyces_xylosica,0,1,0,1,FALSE
Yamadazyma_akitaensis,0,1,1,1,TRUE
Yamadazyma_dushanensis,0,1,1,1,TRUE
Yamadazyma_endophytica,0,1,1,1,TRUE
Yamadazyma_epiphylla,0,1,1,1,TRUE
Yamadazyma_insecticola,0,1,0,1,FALSE
Yamadazyma_kitorensis,0,1,1,1,TRUE
Yamadazyma_mexicana,0,1,1,1,TRUE
Yamadazyma_nakazawae,0,1,1,1,TRUE
Yamadazyma_olivae,0,1,1,1,TRUE
Yamadazyma_paraphyllophila,0,1,1,1,TRUE
Yamadazyma_philogaea,0,1,1,1,TRUE
Yamadazyma_phyllophila,0,1,1,1,TRUE
Yamadazyma_scolyti,0,1,1,1,TRUE
Yamadazyma_siamensis,1,0,1,0,FALSE
Yamadazyma_sp._yHKB15,0,1,0,1,FALSE
Yamadazyma_sp._yHKS699,0,1,0,1,FALSE
Yamadazyma_sp._yHMH393,0,1,0,1,FALSE
Yamadazyma_sp._yHMH685,0,1,0,1,FALSE
Yamadazyma_takamatsuzukensis,0,1,0,1,FALSE
Yamadazyma_tenuis,0,1,1,1,TRUE
Yamadazyma_triangularis,0,1,0,1,FALSE
Yamadazyma_tumulicola,0,1,0,1,FALSE
Yamadazyma_ubonensis,0,1,1,1,TRUE
Yarrowia_alimentaria,1,0,0,0,TRUE
Yarrowia_brassicae,1,0,0,0,TRUE
Yarrowia_bubula,1,0,0,0,TRUE
Yarrowia_deformans,1,0,0,0,TRUE
Yarrowia_galli,1,0,0,0,TRUE
Yarrowia_hollandica,1,0,0,0,TRUE
Yarrowia_keelungensis,1,0,0,0,TRUE
Yarrowia_lipolytica_CLIB_122,1,0,0,0,TRUE
Yarrowia_lipolytica_NRRL_YB-423,1,0,0,0,TRUE
Yarrowia_osloensis,1,0,0,0,TRUE
Yarrowia_phangngaensis,1,0,0,0,TRUE
Yarrowia_porcina,1,0,0,0,TRUE
Yarrowia_yakushimensis,1,0,0,0,TRUE
Yueomyces_sinensis,1,0,0,0,TRUE
Zygoascus_biomembranicola,1,0,1,0,FALSE
Zygoascus_bituminiphia,0,1,0,1,FALSE
Zygoascus_flipseniorum,0,1,0,1,FALSE
Zygoascus_hellenicus,1,0,0,0,TRUE
Zygoascus_meyerae,0,1,0,1,FALSE
Zygoascus_ofunaensis,0,1,1,1,TRUE
Zygoascus_polysorbophila,0,1,1,1,TRUE
Zygoascus_tannicola,0,1,1,1,TRUE
Zygosaccharomyces_bailii,1,0,0,0,TRUE
Zygosaccharomyces_bisporus,1,0,0,0,TRUE
Zygosaccharomyces_gambellarensis,1,0,0,0,TRUE
Zygosaccharomyces_kombuchaensis,1,0,0,0,TRUE
Zygosaccharomyces_lentus,1,0,1,0,FALSE
Zygosaccharomyces_mellis,1,0,0,0,TRUE
Zygosaccharomyces_parabailii,1,0,0,0,TRUE
Zygosaccharomyces_pseudobailii,1,0,0,0,TRUE
Zygosaccharomyces_pseudorouxii,1,0,0,0,TRUE
Zygosaccharomyces_rouxii,1,0,0,0,TRUE
Zygosaccharomyces_sapae,1,0,0,0,TRUE
Zygosaccharomyces_siamensis,1,0,0,0,TRUE
Zygotorulaspora_chibaensis,1,0,0,0,TRUE
Zygotorulaspora_danielsina,1,0,0,0,TRUE
Zygotorulaspora_florentina,1,0,0,0,TRUE
Zygotorulaspora_mrakii,1,0,0,0,TRUE
Zygotorulaspora_sp._yHDO592,1,0,1,0,FALSE
